Workbook

Sheet SourceData
A1: employee_id | B1: salutation | C1: first_name | D1: last_name | E1: personal_email | F1: address_line1 | G1: address_line2 | H1: city | I1: state | J1: pincode | K1: letter_reference_no | L1: offer_date | M1: joining_date | N1: designation | O1: grade_band | P1: department | Q1: work_location | R1: employment_type | S1: reporting_manager | T1: probation_months | U1: notice_period_days | V1: currency | W1: annual_ctc | X1: variable_pay_percent | Y1: variable_pay_amount | Z1: total_fixed_pay | AA1: basic_salary | AB1: hra | AC1: conveyance_allowance | AD1: medical_allowance | AE1: lta | AF1: special_allowance | AG1: pf_employer | AH1: gratuity | AI1: monthly_gross | AJ1: joining_bonus | AK1: joining_bonus_clawback_months | AL1: retention_bonus | AM1: retention_bonus_period_months | AN1: esop_units | AO1: esop_vesting_years | AP1: relocation_applicable | AQ1: relocation_amount | AR1: shift_allowance_applicable | AS1: shift_allowance_monthly | AT1: insurance_plan | AU1: insurance_sum_insured | AV1: hr_spoc_name | AW1: hr_spoc_email | AX1: signatory_name | AY1: signatory_designation
A2: IN10001 | B2: Mr. | C2: Rohan | D2: Deshmukh | E2: rohan.deshmukh@example.com | F2: Flat 102, Shreeji Residency | G2: Near City Centre Mall | H2: Pune | I2: Maharashtra | J2: 400003 | K2: HR/COMP/2026/1002 | L2: 10-Aug-2026 | M2: 01-Sep-2026 | N2: Software Engineer | O2: Band 6 | P2: Application Development | Q2: Pune | R2: Permanent | S2: Anita Kulkarni | T2: 6 | U2: 60 | V2: INR | W2: 1200000 | X2: 0.05 | Y2: =ROUND(W2*X2,0) -> 60000 | Z2: =W2-Y2 -> 1140000 | AA2: =ROUND(Z2*Assumptions!$B$3,0) -> 456000 | AB2: =ROUND(AA2*Assumptions!$B$4,0) -> 228000 | AC2: =Assumptions!$B$5 -> 19200 | AD2: =Assumptions!$B$6 -> 15000 | AE2: =ROUND(AA2*Assumptions!$B$7,0) -> 36480 | AF2: =Z2-AA2-AB2-AC2-AD2-AE2-AG2-AH2 -> 308666 | AG2: =ROUND(AA2*Assumptions!$B$8,0) -> 54720 | AH2: =ROUND(AA2*Assumptions!$B$9,0) -> 21934 | AI2: =ROUND((Z2-AG2-AH2)/12,0) -> 88612 | AJ2: 100000 | AK2: 12 | AL2: 0 | AM2: 0 | AN2: 0 | AO2: 0 | AP2: No | AQ2: 0 | AR2: No | AS2: 0 | AT2: Floater Family | AU2: 500000 | AV2: Shweta Kadam | AW2: hr.onboarding@example.com | AX2: Yeljale Shubham | AY2: Head - Human Resources
A3: IN10002 | B3: Ms. | C3: Priya | D3: Nair | E3: priya.nair@example.com | F3: Flat 103, Shreeji Residency | G3: Near City Centre Mall | H3: Bengaluru | I3: Karnataka | J3: 400004 | K3: HR/COMP/2026/1003 | L3: 10-Aug-2026 | M3: 01-Sep-2026 | N3: Senior Data Scientist | O3: Band 7 | P3: Data & AI | Q3: Bengaluru | R3: Permanent | S3: Vikram Rao | T3: 3 | U3: 90 | V3: INR | W3: 2400000 | X3: 0.1 | Y3: =ROUND(W3*X3,0) -> 240000 | Z3: =W3-Y3 -> 2160000 | AA3: =ROUND(Z3*Assumptions!$B$3,0) -> 864000 | AB3: =ROUND(AA3*Assumptions!$B$4,0) -> 432000 | AC3: =Assumptions!$B$5 -> 19200 | AD3: =Assumptions!$B$6 -> 15000 | AE3: =ROUND(AA3*Assumptions!$B$7,0) -> 69120 | AF3: =Z3-AA3-AB3-AC3-AD3-AE3-AG3-AH3 -> 615442 | AG3: =ROUND(AA3*Assumptions!$B$8,0) -> 103680 | AH3: =ROUND(AA3*Assumptions!$B$9,0) -> 41558 | AI3: =ROUND((Z3-AG3-AH3)/12,0) -> 167897 | AJ3: 250000 | AK3: 12 | AL3: 300000 | AM3: 18 | AN3: 400 | AO3: 4 | AP3: Yes | AQ3: 150000 | AR3: No | AS3: 0 | AT3: Floater Family | AU3: 1000000 | AV3: Shweta Kadam | AW3: hr.onboarding@example.com | AX3: Yeljale Shubham | AY3: Head - Human Resources
A4: IN10003 | B4: Mr. | C4: Aditya | D4: Sharma | E4: aditya.sharma@example.com | F4: Flat 104, Shreeji Residency | G4: Near City Centre Mall | H4: Gurugram | I4: Haryana | J4: 400005 | K4: HR/COMP/2026/1004 | L4: 10-Aug-2026 | M4: 01-Sep-2026 | N4: Associate Consultant | O4: Band 5 | P4: Consulting | Q4: Gurugram | R4: Permanent | S4: Neha Bansal | T4: 6 | U4: 45 | V4: INR | W4: 850000 | X4: 0 | Y4: =ROUND(W4*X4,0) -> 0 | Z4: =W4-Y4 -> 850000 | AA4: =ROUND(Z4*Assumptions!$B$3,0) -> 340000 | AB4: =ROUND(AA4*Assumptions!$B$4,0) -> 170000 | AC4: =Assumptions!$B$5 -> 19200 | AD4: =Assumptions!$B$6 -> 15000 | AE4: =ROUND(AA4*Assumptions!$B$7,0) -> 27200 | AF4: =Z4-AA4-AB4-AC4-AD4-AE4-AG4-AH4 -> 221446 | AG4: =ROUND(AA4*Assumptions!$B$8,0) -> 40800 | AH4: =ROUND(AA4*Assumptions!$B$9,0) -> 16354 | AI4: =ROUND((Z4-AG4-AH4)/12,0) -> 66071 | AJ4: 0 | AK4: 0 | AL4: 0 | AM4: 0 | AN4: 0 | AO4: 0 | AP4: Yes | AQ4: 75000 | AR4: Yes | AS4: 6000 | AT4: Self Only | AU4: 300000 | AV4: Shweta Kadam | AW4: hr.onboarding@example.com | AX4: Yeljale Shubham | AY4: Head - Human Resources
A5: IN10004 | B5: Ms. | C5: Sneha | D5: Iyer | E5: sneha.iyer@example.com | F5: Flat 105, Shreeji Residency | G5: Near City Centre Mall | H5: Chennai | I5: Tamil Nadu | J5: 400006 | K5: HR/COMP/2026/1005 | L5: 10-Aug-2026 | M5: 01-Sep-2026 | N5: Cloud Architect | O5: Band 8 | P5: Hybrid Cloud | Q5: Chennai | R5: Permanent | S5: Rajesh Menon | T5: 0 | U5: 90 | V5: INR | W5: 3600000 | X5: 0.15 | Y5: =ROUND(W5*X5,0) -> 540000 | Z5: =W5-Y5 -> 3060000 | AA5: =ROUND(Z5*Assumptions!$B$3,0) -> 1224000 | AB5: =ROUND(AA5*Assumptions!$B$4,0) -> 612000 | AC5: =Assumptions!$B$5 -> 19200 | AD5: =Assumptions!$B$6 -> 15000 | AE5: =ROUND(AA5*Assumptions!$B$7,0) -> 97920 | AF5: =Z5-AA5-AB5-AC5-AD5-AE5-AG5-AH5 -> 886126 | AG5: =ROUND(AA5*Assumptions!$B$8,0) -> 146880 | AH5: =ROUND(AA5*Assumptions!$B$9,0) -> 58874 | AI5: =ROUND((Z5-AG5-AH5)/12,0) -> 237854 | AJ5: 500000 | AK5: 12 | AL5: 600000 | AM5: 24 | AN5: 1200 | AO5: 4 | AP5: Yes | AQ5: 250000 | AR5: No | AS5: 0 | AT5: Floater Family | AU5: 1500000 | AV5: Shweta Kadam | AW5: hr.onboarding@example.com | AX5: Yeljale Shubham | AY5: Head - Human Resources
A6: IN10005 | B6: Mr. | C6: Karan | D6: Malhotra | E6: karan.malhotra@example.com | F6: Flat 106, Shreeji Residency | G6: Near City Centre Mall | H6: Noida | I6: Uttar Pradesh | J6: 400007 | K6: HR/COMP/2026/1006 | L6: 10-Aug-2026 | M6: 01-Sep-2026 | N6: QA Analyst | O6: Band 5 | P6: Quality Engineering | Q6: Noida | R6: Contract | S6: Sunita Verma | T6: 3 | U6: 30 | V6: INR | W6: 700000 | X6: 0 | Y6: =ROUND(W6*X6,0) -> 0 | Z6: =W6-Y6 -> 700000 | AA6: =ROUND(Z6*Assumptions!$B$3,0) -> 280000 | AB6: =ROUND(AA6*Assumptions!$B$4,0) -> 140000 | AC6: =Assumptions!$B$5 -> 19200 | AD6: =Assumptions!$B$6 -> 15000 | AE6: =ROUND(AA6*Assumptions!$B$7,0) -> 22400 | AF6: =Z6-AA6-AB6-AC6-AD6-AE6-AG6-AH6 -> 176332 | AG6: =ROUND(AA6*Assumptions!$B$8,0) -> 33600 | AH6: =ROUND(AA6*Assumptions!$B$9,0) -> 13468 | AI6: =ROUND((Z6-AG6-AH6)/12,0) -> 54411 | AJ6: 0 | AK6: 0 | AL6: 0 | AM6: 0 | AN6: 0 | AO6: 0 | AP6: No | AQ6: 0 | AR6: Yes | AS6: 5000 | AT6: Self Only | AU6: 300000 | AV6: Shweta Kadam | AW6: hr.onboarding@example.com | AX6: Yeljale Shubham | AY6: Head - Human Resources
A7: IN10006 | B7: Ms. | C7: Ananya | D7: Ghosh | E7: ananya.ghosh@example.com | F7: Flat 107, Shreeji Residency | G7: Near City Centre Mall | H7: Hyderabad | I7: Telangana | J7: 400008 | K7: HR/COMP/2026/1007 | L7: 10-Aug-2026 | M7: 01-Sep-2026 | N7: Product Manager | O7: Band 8 | P7: Product | Q7: Hyderabad | R7: Permanent | S7: Mohit Sinha | T7: 0 | U7: 90 | V7: INR | W7: 3200000 | X7: 0.12 | Y7: =ROUND(W7*X7,0) -> 384000 | Z7: =W7-Y7 -> 2816000 | AA7: =ROUND(Z7*Assumptions!$B$3,0) -> 1126400 | AB7: =ROUND(AA7*Assumptions!$B$4,0) -> 563200 | AC7: =Assumptions!$B$5 -> 19200 | AD7: =Assumptions!$B$6 -> 15000 | AE7: =ROUND(AA7*Assumptions!$B$7,0) -> 90112 | AF7: =Z7-AA7-AB7-AC7-AD7-AE7-AG7-AH7 -> 812740 | AG7: =ROUND(AA7*Assumptions!$B$8,0) -> 135168 | AH7: =ROUND(AA7*Assumptions!$B$9,0) -> 54180 | AI7: =ROUND((Z7-AG7-AH7)/12,0) -> 218888 | AJ7: 400000 | AK7: 12 | AL7: 0 | AM7: 0 | AN7: 900 | AO7: 4 | AP7: No | AQ7: 0 | AR7: No | AS7: 0 | AT7: Floater Family | AU7: 1500000 | AV7: Shweta Kadam | AW7: hr.onboarding@example.com | AX7: Yeljale Shubham | AY7: Head - Human Resources
A8: IN10007 | B8: Mr. | C8: Vivek | D8: Patil | E8: vivek.patil@example.com | F8: Flat 108, Shreeji Residency | G8: Near City Centre Mall | H8: Pune | I8: Maharashtra | J8: 400009 | K8: HR/COMP/2026/1008 | L8: 10-Aug-2026 | M8: 01-Sep-2026 | N8: DevOps Engineer | O8: Band 6 | P8: Platform Engineering | Q8: Pune | R8: Permanent | S8: Anita Kulkarni | T8: 6 | U8: 60 | V8: INR | W8: 1450000 | X8: 0.05 | Y8: =ROUND(W8*X8,0) -> 72500 | Z8: =W8-Y8 -> 1377500 | AA8: =ROUND(Z8*Assumptions!$B$3,0) -> 551000 | AB8: =ROUND(AA8*Assumptions!$B$4,0) -> 275500 | AC8: =Assumptions!$B$5 -> 19200 | AD8: =Assumptions!$B$6 -> 15000 | AE8: =ROUND(AA8*Assumptions!$B$7,0) -> 44080 | AF8: =Z8-AA8-AB8-AC8-AD8-AE8-AG8-AH8 -> 380097 | AG8: =ROUND(AA8*Assumptions!$B$8,0) -> 66120 | AH8: =ROUND(AA8*Assumptions!$B$9,0) -> 26503 | AI8: =ROUND((Z8-AG8-AH8)/12,0) -> 107073 | AJ8: 120000 | AK8: 12 | AL8: 0 | AM8: 0 | AN8: 0 | AO8: 0 | AP8: No | AQ8: 0 | AR8: Yes | AS8: 7500 | AT8: Floater Family | AU8: 500000 | AV8: Shweta Kadam | AW8: hr.onboarding@example.com | AX8: Yeljale Shubham | AY8: Head - Human Resources
A9: IN10008 | B9: Ms. | C9: Meera | D9: Krishnan | E9: meera.krishnan@example.com | F9: Flat 109, Shreeji Residency | G9: Near City Centre Mall | H9: Bengaluru | I9: Karnataka | J9: 400010 | K9: HR/COMP/2026/1009 | L9: 10-Aug-2026 | M9: 01-Sep-2026 | N9: HR Business Partner | O9: Band 7 | P9: Human Resources | Q9: Bengaluru | R9: Permanent | S9: Deepa Shetty | T9: 3 | U9: 60 | V9: INR | W9: 1800000 | X9: 0.08 | Y9: =ROUND(W9*X9,0) -> 144000 | Z9: =W9-Y9 -> 1656000 | AA9: =ROUND(Z9*Assumptions!$B$3,0) -> 662400 | AB9: =ROUND(AA9*Assumptions!$B$4,0) -> 331200 | AC9: =Assumptions!$B$5 -> 19200 | AD9: =Assumptions!$B$6 -> 15000 | AE9: =ROUND(AA9*Assumptions!$B$7,0) -> 52992 | AF9: =Z9-AA9-AB9-AC9-AD9-AE9-AG9-AH9 -> 463859 | AG9: =ROUND(AA9*Assumptions!$B$8,0) -> 79488 | AH9: =ROUND(AA9*Assumptions!$B$9,0) -> 31861 | AI9: =ROUND((Z9-AG9-AH9)/12,0) -> 128721 | AJ9: 0 | AK9: 0 | AL9: 200000 | AM9: 12 | AN9: 0 | AO9: 0 | AP9: Yes | AQ9: 100000 | AR9: No | AS9: 0 | AT9: Floater Family | AU9: 1000000 | AV9: Shweta Kadam | AW9: hr.onboarding@example.com | AX9: Yeljale Shubham | AY9: Head - Human Resources
A10: IN10009 | B10: Mr. | C10: Sameer | D10: Joshi | E10: sameer.joshi@example.com | F10: Flat 110, Shreeji Residency | G10: Near City Centre Mall | H10: Pune | I10: Maharashtra | J10: 400011 | K10: HR/COMP/2026/1010 | L10: 10-Aug-2026 | M10: 01-Sep-2026 | N10: Intern - Engineering | O10: Band 3 | P10: Application Development | Q10: Pune | R10: Internship | S10: Anita Kulkarni | T10: 0 | U10: 15 | V10: INR | W10: 360000 | X10: 0 | Y10: =ROUND(W10*X10,0) -> 0 | Z10: =W10-Y10 -> 360000 | AA10: =ROUND(Z10*Assumptions!$B$3,0) -> 144000 | AB10: =ROUND(AA10*Assumptions!$B$4,0) -> 72000 | AC10: =Assumptions!$B$5 -> 19200 | AD10: =Assumptions!$B$6 -> 15000 | AE10: =ROUND(AA10*Assumptions!$B$7,0) -> 11520 | AF10: =Z10-AA10-AB10-AC10-AD10-AE10-AG10-AH10 -> 74074 | AG10: =ROUND(AA10*Assumptions!$B$8,0) -> 17280 | AH10: =ROUND(AA10*Assumptions!$B$9,0) -> 6926 | AI10: =ROUND((Z10-AG10-AH10)/12,0) -> 27983 | AJ10: 0 | AK10: 0 | AL10: 0 | AM10: 0 | AN10: 0 | AO10: 0 | AP10: No | AQ10: 0 | AR10: No | AS10: 0 | AT10: Self Only | AU10: 200000 | AV10: Shweta Kadam | AW10: hr.onboarding@example.com | AX10: Yeljale Shubham | AY10: Head - Human Resources
A11: IN10010 | B11: Ms. | C11: Divya | D11: Reddy | E11: divya.reddy@example.com | F11: Flat 111, Shreeji Residency | G11: Near City Centre Mall | H11: Hyderabad | I11: Telangana | J11: 400012 | K11: HR/COMP/2026/1011 | L11: 10-Aug-2026 | M11: 01-Sep-2026 | N11: Business Analyst | O11: Band 6 | P11: Consulting | Q11: Hyderabad | R11: Permanent | S11: Mohit Sinha | T11: 6 | U11: 60 | V11: INR | W11: 1100000 | X11: 0.05 | Y11: =ROUND(W11*X11,0) -> 55000 | Z11: =W11-Y11 -> 1045000 | AA11: =ROUND(Z11*Assumptions!$B$3,0) -> 418000 | AB11: =ROUND(AA11*Assumptions!$B$4,0) -> 209000 | AC11: =Assumptions!$B$5 -> 19200 | AD11: =Assumptions!$B$6 -> 15000 | AE11: =ROUND(AA11*Assumptions!$B$7,0) -> 33440 | AF11: =Z11-AA11-AB11-AC11-AD11-AE11-AG11-AH11 -> 280094 | AG11: =ROUND(AA11*Assumptions!$B$8,0) -> 50160 | AH11: =ROUND(AA11*Assumptions!$B$9,0) -> 20106 | AI11: =ROUND((Z11-AG11-AH11)/12,0) -> 81228 | AJ11: 75000 | AK11: 12 | AL11: 0 | AM11: 0 | AN11: 0 | AO11: 0 | AP11: No | AQ11: 0 | AR11: No | AS11: 0 | AT11: Self Only | AU11: 300000 | AV11: Shweta Kadam | AW11: hr.onboarding@example.com | AX11: Yeljale Shubham | AY11: Head - Human Resources
A12: IN10011 | B12: Mr. | C12: Arjun | D12: Mehta | E12: arjun.mehta@example.com | F12: Flat 112, Shreeji Residency | G12: Near City Centre Mall | H12: Bengaluru | I12: Karnataka | J12: 400013 | K12: HR/COMP/2026/1012 | L12: 10-Aug-2026 | M12: 01-Sep-2026 | N12: Engineering Manager | O12: Band 9 | P12: Application Development | Q12: Bengaluru | R12: Permanent | S12: Vikram Rao | T12: 0 | U12: 90 | V12: INR | W12: 4500000 | X12: 0.2 | Y12: =ROUND(W12*X12,0) -> 900000 | Z12: =W12-Y12 -> 3600000 | AA12: =ROUND(Z12*Assumptions!$B$3,0) -> 1440000 | AB12: =ROUND(AA12*Assumptions!$B$4,0) -> 720000 | AC12: =Assumptions!$B$5 -> 19200 | AD12: =Assumptions!$B$6 -> 15000 | AE12: =ROUND(AA12*Assumptions!$B$7,0) -> 115200 | AF12: =Z12-AA12-AB12-AC12-AD12-AE12-AG12-AH12 -> 1048536 | AG12: =ROUND(AA12*Assumptions!$B$8,0) -> 172800 | AH12: =ROUND(AA12*Assumptions!$B$9,0) -> 69264 | AI12: =ROUND((Z12-AG12-AH12)/12,0) -> 279828 | AJ12: 750000 | AK12: 18 | AL12: 1000000 | AM12: 24 | AN12: 2000 | AO12: 4 | AP12: Yes | AQ12: 300000 | AR12: No | AS12: 0 | AT12: Floater Family | AU12: 2000000 | AV12: Shweta Kadam | AW12: hr.onboarding@example.com | AX12: Yeljale Shubham | AY12: Head - Human Resources
A13: IN10012 | B13: Ms. | C13: Fatima | D13: Sheikh | E13: fatima.sheikh@example.com | F13: Flat 113, Shreeji Residency | G13: Near City Centre Mall | H13: Mumbai | I13: Maharashtra | J13: 400014 | K13: HR/COMP/2026/1013 | L13: 10-Aug-2026 | M13: 01-Sep-2026 | N13: UX Designer | O13: Band 6 | P13: Design | Q13: Mumbai | R13: Permanent | S13: Neha Bansal | T13: 6 | U13: 60 | V13: INR | W13: 1350000 | X13: 0.05 | Y13: =ROUND(W13*X13,0) -> 67500 | Z13: =W13-Y13 -> 1282500 | AA13: =ROUND(Z13*Assumptions!$B$3,0) -> 513000 | AB13: =ROUND(AA13*Assumptions!$B$4,0) -> 256500 | AC13: =Assumptions!$B$5 -> 19200 | AD13: =Assumptions!$B$6 -> 15000 | AE13: =ROUND(AA13*Assumptions!$B$7,0) -> 41040 | AF13: =Z13-AA13-AB13-AC13-AD13-AE13-AG13-AH13 -> 351525 | AG13: =ROUND(AA13*Assumptions!$B$8,0) -> 61560 | AH13: =ROUND(AA13*Assumptions!$B$9,0) -> 24675 | AI13: =ROUND((Z13-AG13-AH13)/12,0) -> 99689 | AJ13: 0 | AK13: 0 | AL13: 0 | AM13: 0 | AN13: 0 | AO13: 0 | AP13: Yes | AQ13: 80000 | AR13: No | AS13: 0 | AT13: Floater Family | AU13: 500000 | AV13: Shweta Kadam | AW13: hr.onboarding@example.com | AX13: Yeljale Shubham | AY13: Head - Human Resources
... A21: IN10020 | B21: Ms. | C21: Neelam | D21: Yadav | E21: neelam.yadav@example.com | F21: Flat 121, Shreeji Residency | G21: Near City Centre Mall | H21: Noida | I21: Uttar Pradesh | J21: 400022 | K21: HR/COMP/2026/1021 | L21: 10-Aug-2026 | M21: 01-Sep-2026 | N21: Associate Engineer | O21: Band 4 | P21: Application Development | Q21: Noida | R21: Permanent | S21: Sunita Verma | T21: 6 | U21: 30 | V21: INR | W21: 600000 | X21: 0 | Y21: =ROUND(W21*X21,0) -> 0 | Z21: =W21-Y21 -> 600000 | AA21: =ROUND(Z21*Assumptions!$B$3,0) -> 240000 | AB21: =ROUND(AA21*Assumptions!$B$4,0) -> 120000 | AC21: =Assumptions!$B$5 -> 19200 | AD21: =Assumptions!$B$6 -> 15000 | AE21: =ROUND(AA21*Assumptions!$B$7,0) -> 19200 | AF21: =Z21-AA21-AB21-AC21-AD21-AE21-AG21-AH21 -> 146256 | AG21: =ROUND(AA21*Assumptions!$B$8,0) -> 28800 | AH21: =ROUND(AA21*Assumptions!$B$9,0) -> 11544 | AI21: =ROUND((Z21-AG21-AH21)/12,0) -> 46638 | AJ21: 50000 | AK21: 12 | AL21: 0 | AM21: 0 | AN21: 0 | AO21: 0 | AP21: No | AQ21: 0 | AR21: No | AS21: 0 | AT21: Self Only | AU21: 200000 | AV21: Shweta Kadam | AW21: hr.onboarding@example.com | AX21: Yeljale Shubham | AY21: Head - Human Resources

Sheet Assumptions
A1: Salary structure assumptions - edit here, every SourceData row recalculates
A2: Parameter | B2: Value | C2: Basis / source
A3: Basic as % of Total Fixed Pay | B3: 0.4 | C3: User-supplied policy input
A4: HRA as % of Basic | B4: 0.5 | C4: User-supplied policy input
A5: Conveyance allowance (annual, flat) | B5: 19200 | C5: User-supplied policy input
A6: Medical allowance (annual, flat) | B6: 15000 | C6: User-supplied policy input
A7: LTA as % of Basic | B7: 0.08 | C7: User-supplied policy input
A8: Employer PF as % of Basic | B8: 0.12 | C8: Statutory rate, EPF Act 1952
A9: Gratuity as % of Basic | B9: 0.0481 | C9: 15/26 of a month's basic per year, standard accrual
A12: Legend
A13: Blue text | B13: You type it. Manual input column in SourceData.
A14: Black text | B14: Formula. Do not overwrite - it recalculates from CTC and the assumptions above.
A15: Yellow fill | B15: Policy assumption. Change once here, applies to every joiner.

Sheet Field_Mapping
A1: Placeholder in template | B1: Colour in template | C1: Source column | D1: Rule / condition
A2: <salutation> | B2: BLUE | C2: salutation | D2: Direct substitution
A3: <first_name> | B3: BLUE | C3: first_name | D3: Direct substitution
A4: <last_name> | B4: BLUE | C4: last_name | D4: Direct substitution
A5: <address_line1> | B5: BLUE | C5: address_line1 | D5: Direct substitution
A6: <address_line2> | B6: BLUE | C6: address_line2 | D6: Suppress the line if blank
A7: <city> | B7: BLUE | C7: city | D7: Direct substitution
A8: <state> | B8: BLUE | C8: state | D8: Direct substitution
A9: <pincode> | B9: BLUE | C9: pincode | D9: Direct substitution
A10: <letter_reference_no> | B10: BLUE | C10: letter_reference_no | D10: Direct substitution
A11: <offer_date> | B11: BLUE | C11: offer_date | D11: Format dd-MMM-yyyy
A12: <joining_date> | B12: BLUE | C12: joining_date | D12: Format dd-MMM-yyyy
... A35: [[ANNEXURE_CONDITIONAL_ROWS]] | B35: RED | C35: joining_bonus, retention_bonus, shift_allowance_monthly | D35: Add the annexure row only when the amount is greater than zero
